Category,Optimized_Budget_USD
Marketing,3508253.7266086102
Operations,3199227.8082808466
R&D,3303407.6197085106
Salaries,3541163.2160036014
Logistics,3435323.9835023545
Technology,4420560.702184331
